<configuration>
    <turboFilter class="testng_Listeners.DafFilter"/>

    <!-- We don't have to use the same pattern for every output, but this gives us a way to if we want -->
    <variable name="defaultPattern" value="[%thread] %-5level [%class{0}.%method] %msg"/>
    <logger name="com.hierynomus.smbj" level="OFF"/>
    <logger name="com.hierynomus" level="OFF"/>
    <appender name="STDOUT" class="ch.qos.logback.core.ConsoleAppender">
        <encoder>
            <charset>UTF-8</charset>
            <if condition='isDefined("JENKINS_HOME")'>
                <then>
                    <!-- Jenkins already shows timestamps. -->
                    <pattern>${defaultPattern}%n</pattern>
                </then>
                <else>
                    <!-- If we're not running in Jenkins, add our own timestamps to stdout. -->
                    <pattern>%date{HH:mm:ss.SSS} ${defaultPattern}%n</pattern>
                </else>
            </if>
        </encoder>
    </appender>

    <appender name="TestNG" class="testng_Listeners.TestNGAppender">
        <encoder>
            <charset>UTF-8</charset>
            <pattern>${defaultPattern}</pattern>
        </encoder>
    </appender>

    <appender name="Extent" class="testng_Listeners.ExtentAppender">
        <encoder>
            <charset>UTF-8</charset>
            <!-- Extent already knows the log level; no need to also have it as text -->
            <pattern>[%class{0}.%method] %msg</pattern>
        </encoder>
    </appender>

    <appender name="ReportPortalAppender" class="com.epam.reportportal.logback.appender.ReportPortalAppender">
        <encoder>
            <pattern>${defaultPattern}%n</pattern>
        </encoder>
    </appender>

    <root level="INFO">
        <appender-ref ref="STDOUT" />
        <appender-ref ref="TestNG" />
        <appender-ref ref="Extent" />
        <appender-ref ref="ReportPortalAppender" />
    </root>
</configuration>